Title,HeadLine,Instructors,Rating,Tags,Reviews,AddInfo
iOS 13 & Swift 5 - The Complete iOS App Development Bootcamp,From Beginner to iOS App Developer with Just One Course! Fully Updated with a Comprehensive Module Dedicated to SwiftUI!,Dr. Angela Yu,4.7,Bestseller,"-49,608","59.5 total hours
574 lectures
All Levels"
iOS 11 & Swift 4 - The Complete iOS App Development Bootcamp,Learn iOS 11 App Development From Beginning to End. Using Xcode 9 and Swift 4. Includes Full ARKit and CoreML Modules!,Dr. Angela Yu,4.7,Not Available,"-31,259","49.5 total hours
474 lectures
All Levels"
Android App Development Masterclass using Kotlin,Learn Kotlin Android App Development And Become an Android Developer. Incl. Kotlin Tutorial and Android Tutorial Videos,"Tim Buchalka, Jean-Paul Roberts, Tim Buchalka's Learn Programming Academy, David Reidy",4.4,Not Available,"-3,603","59.5 total hours
359 lectures
Beginner"
Build Real World Teacher Finder App with Xamarin Forms,Not Available,Asfend Yar Hamid,4.5,Not Available,-151,Not Available
Build Real World Application with Xamarin Forms Part 2,Not Available,Asfend Yar Hamid,4.8,Not Available,-271,Not Available
Learn MVVM in Xamarin Forms and C#,Not Available,Asfend Yar Hamid,4.2,Not Available,-275,Not Available
The Complete Android App Development,"Learn how to make online games, and apps like Twitter, Pokémon ,Tic Tac Toy, and Find my phone using Android O",Hussein Alrubaye,4.2,Not Available,"-2,825","22 total hours
150 lectures
All Levels"
The Complete Android Oreo Developer Course - Build 23 Apps!,"Learn Android O App Development using Java & Kotlin - build real apps including Super Mario Run, Whatsapp and Instagram!","Rob Percival, Nick Walter, Codestars by Rob Percival",4.5,Bestseller,"-13,341","37.5 total hours
272 lectures
All Levels"
Flutter & Dart - The Complete Flutter App Development Course,Build Flutter iOS and Android Apps with a Single Codebase - Learn Google's Flutter Mobile Development Framework,"Paulo Dichone | Android, Java, Flutter Developer and Teacher",4.5,Not Available,"-3,736","26 total hours
226 lectures
All Levels"
The Complete Android N Developer Course,"Learn Android App Development with Android 7 Nougat by building real apps including Uber, Whatsapp and Instagram!","Rob Percival, Marc Stock, Codestars by Rob Percival",4.4,Not Available,"-26,738","32.5 total hours
272 lectures
All Levels"
Android Java Masterclass - Become an App Developer,Improve your career options by learning Android app Development. Master Android Studio and build your first app today,"Tim Buchalka, Jean-Paul Roberts, Tim Buchalka's Learn Programming Academy",4.5,Not Available,"-8,511","60.5 total hours
323 lectures
All Levels"
The Complete Android App Development Masterclass: Build Apps,Create Real World Applications using Java and Become A Professional Android App Developer From Scratch Today!,"Meisam Mansourzadeh, Joe Parys",4.2,Not Available,-567,"39.5 total hours
116 lectures
All Levels"
Mobile App Development with PhoneGap,Create Apps for iOS and Android with HTML5 and Javascript,Framework Television Inc.,4.3,Bestseller,-503,"5.5 total hours
61 lectures
Intermediate"
Android App Development using Kotlin,Develop Android apps in Kotlin and publish it to Play Store,Smartherd Developers,4.5,Not Available,-618,"3.5 total hours
27 lectures
Beginner"
Android O & Java - The Complete Android Development Bootcamp,Learn Android O app development from beginning to end. Learn to code in Java while building fun Android O projects.,Philipp Muellauer,4.3,Not Available,"-6,869","21 total hours
289 lectures
All Levels"
Modern Android App Development Bootcamp With Kotlin 2020,Learn Android App Development With Kotlin From the Beginning All the Way to Advanced Topic With the Most Easy,Abd Alwahab,4.4,Not Available,-508,"35.5 total hours
274 lectures
All Levels"
State of the Art Android App Development in Kotlin,"Using Kotlin, MVVM, Dagger2, Navigation, Retrofit and Unit tests",Catalin Stefan,4.8,Not Available,-191,"6.5 total hours
49 lectures
All Levels"
"The Complete Flutter App Development Course for Android, iOS",A Complete Guide to the Flutter Framework for building native iOS and Android apps with single code base,Smartherd Developers,4.2,Not Available,"-1,135","4.5 total hours
33 lectures
All Levels"
The complete Java Android App development Bootcamp 2020,Learn Android development fundamentals and start creating your own Android applications,Maid Rondić,4.4,Bestseller,-155,"12 total hours
66 lectures
All Levels"
The Complete Android & Java Developer Course - Build 21 Apps,"Learn Android Development, Java & Android Studio from Scratch in 5 Weeks. Build a Diary App & more","Paulo Dichone | Android, Java, Flutter Developer and Teacher, Fahd Sheraz",4.3,Not Available,"-6,054","34.5 total hours
228 lectures
All Levels"
A Beginner's Guide to Android App Development,Learn the basics of developing an app in Android and build your very own Bluetooth Chat Application from scratch,"EdYoda Digital University, Qaifi Khan",4,Not Available,-405,"4 total hours
17 lectures
Beginner"
SwiftUI Masterclass: iOS 14 App Development with Swift 5,The Complete iOS 14 App Development Course with SwiftUI 2 From Beginner to Advanced App Developer with Xcode 12!,Robert Petras,4.4,Bestseller,-406,"17 total hours
115 lectures
All Levels"
iOS 12 Swift 4.2 - The Complete iOS App Development Bootcamp,From Beginner to iOS App Developer with Just One Course!,Dr. Angela Yu,4.3,Not Available,-308,"55.5 total hours
525 lectures
All Levels"
Android P& Kotlin -Complete Android App Development Bootcamp,Learn Android Development from beginning to End Using Android Studio 3 and Android P,Bita Mirshafiee,4,Not Available,-199,"26.5 total hours
247 lectures
All Levels"
iOS Development - Create 4 Quiz Apps with Swift 3 & iOS 10,In this course we will develop 4 different quiz apps together and go into great detail for every step on our way,"Johannes Ruof, Timothy Meixner",4.3,Not Available,-127,"5 total hours
31 lectures
Intermediate"
iOS 10 & Swift 3: From Beginner to Paid Professional™,The most comprehensive course on iOS development - become a master of app development,"Mark Wahlbeck, Devslopes by Mark Wahlbeck",4.6,Not Available,"-13,617","71 total hours
251 lectures
All Levels"
Android App Development For Beginners: Make a full app!,Become an App Developer!,Nick Marcenelle Perez,3.6,Not Available,-564,"1.5 total hours
16 lectures
Beginner"
"iOS 12 & Swift 5 - App Design, UI/UX plus Development","The three-in-one course that teaches app design, UI/UX and iOS development. Includes Sketch and Figma.",Gwinyai Nyatsoka,4.5,Bestseller,-723,"80.5 total hours
492 lectures
Beginner"
Mobile App Development with Android (2015),You'll create a real world social networking application! All of Android's core concepts in a production level project!,3D BUZZ Programming and Digital Art training,4.3,Not Available,-226,"40.5 total hours
91 lectures
Intermediate"
iOS 10 iPhone App Development: Learn the Basics in 2 hours,Build a fully functioning App and run it on your own personal iPhone,Michael Harrison,4.4,Not Available,-198,"1.5 total hours
16 lectures
Beginner"
How to make a Social Networking app -Android App Development,Take your first step towards your next big idea by learning social networking android app development in android studio,Kapil Bhattarai,4.9,Not Available,-91,"19.5 total hours
179 lectures
All Levels"
"Intermediate Mobile App Development (Swift 3, iPhone iOS10)",Gain the proficiency to start a career as an iOS developer with Swift 3 & Xcode 8 (learn 10 different iPhone API's),Dee Aliyu Odumosu,4.8,Not Available,-15,"5.5 total hours
83 lectures
Intermediate"
Mobile App Development: Make iOS & Android Apps Without Code,Quickly produce quality iOS and Android apps without learning any code.,Cameron Wills,3.7,Not Available,-131,"1.5 total hours
20 lectures
All Levels"
Beginners Android App Development Course Stepwise-Classroom,"Best way of learning is, learning in the classroom. Here is detailed android app development course for true learners.","codekul Simplest way of Learning Programming, Aniruddha Kudalkar",4.4,Not Available,-109,"19.5 total hours
104 lectures
All Levels"
Introduction to Programming and App Development,for Android and iOS,Hesam Samimi,3.6,Not Available,-120,"19.5 total hours
69 lectures
All Levels"
To-Do App & Clean Architecture -Android Development - Kotlin,"Develop a Fully Functional To-Do app in Kotlin - ROOM, Navigation Component, LiveData, ViewModel, Data Binding and more.",Stefan Jovanovic,4.8,Not Available,-72,"4 total hours
50 lectures
Intermediate"
How To Launch Your App In Just 16 hrs - Android Development,Learn Both Design with Photoshop and Code with Android Studio to publish your first app on the Playstore in just 16 HRS!,"Vivek Ramesh, Gary Simon",3.9,Not Available,-520,"16.5 total hours
110 lectures
All Levels"
Testing iOS Apps - Behavior Driven Development Using Swift,"Learn Unit Testing, Test Driven Development and Behavior Driven Development in iOS Using Swift Language",Mohammad Azam,4.2,Not Available,-35,"7.5 total hours
69 lectures
All Levels"
Learning Path: Android: Test-Driven Android App Development,See the first steps to building fast and dynamic Android apps employing test-driven development,Packt Publishing,4.2,Not Available,-47,"10 total hours
70 lectures
Beginner"
State of the Art Android app development in Java,"Using Java, MVVM, Dagger2, Navigation, Retrofit and Unit tests",Catalin Stefan,4.6,Not Available,-17,"7.5 total hours
53 lectures
All Levels"
Android Development: Make Apps without Coding or Experience,Create a Fully Functional Professional Mobile App without Coding or Experience and in less than a day,"Educational Engineering Team, Ashraf Said",3.3,Not Available,-489,"1 total hour
16 lectures
All Levels"
iOS 9 App Development For Beginners,Get started developing Apple apps with iOS 9 and Xcode 7.,Stone River eLearning,4.6,Not Available,-76,"7 total hours
62 lectures
All Levels"
iOS Development Crash Course - Beginners to Publishing App,Create iOS Apps and Publish it to App Store. Quick and Easy way to learn Swift and Xcode in this 3 Hours Crash Course.,"Shaping Edge, Three Millennials",4.7,Not Available,-19,"3 total hours
15 lectures
All Levels"
The Complete iOS 10 & Swift 3 Developer Course,"Learn iOS App Development by building 21 iOS apps using Swift 3 & Xcode 8. Includes free web hosting, assets & ebook.","Rob Percival, Codestars by Rob Percival",4.6,Not Available,"-10,757","30 total hours
222 lectures
All Levels"
The Complete iOS11 Swift4 Development Course - Build 28 Apps,Use Xcode 9 & Swift 4 to make great apps. Learn CoreML (Machine Learning) & ARKit (Artificial Reality) for iOS 11,Dee Aliyu Odumosu,4,Not Available,-346,"43 total hours
512 lectures
Beginner"
iOS Development - App Monetization for Swift 3 & iOS 10,"We learn about AdMob, the Facebook Audience Network, In App Purchases and other ways to monetize our applications","Johannes Ruof, Timothy Meixner",4.5,Not Available,-48,"3.5 total hours
25 lectures
Intermediate"
Android App Development For Beginners,Step by step android development and Java tutorials included,Nazir Hakim,3.6,Not Available,-113,"3.5 total hours
31 lectures
Beginner"
"Mobile App Development for Beginners (Swift 3, iPhone iOS10)",iPhone (iOS 10) app development. The complete development course. Use Swift 3 & Xcode 8 to design 10 iPhone apps.,Dee Aliyu Odumosu,4.1,Not Available,-234,"33 total hours
327 lectures
Beginner"
"Intro to Shopify App Development with React, Node & GraphQL","Learn Shopify App Development with React, Node.js, Koa, GraphQL, Apollo, Next.js, Polaris, Shopify ScriptTag API",Working With Shopify,4.1,Not Available,-190,"4 total hours
30 lectures
All Levels"
Android App Development Course Build 5 Real Android App,"In This Android Course You Will Build Job Portal Android App, Expense Manager Android App,Online Store Android App",Code Class Online by Shaon Chowdhury,3.7,Not Available,-141,"14.5 total hours
126 lectures
All Levels"
Android App Development: Create a Spotify Clone,Stream your music collection and learn how to play and control music on Android,Grant Klimaytys,3.7,Not Available,-131,"6 total hours
58 lectures
All Levels"
Professional iOS App Development with Swift,Learn how to build a fully customised iOS app from scratch in 10 steps,Brian Advent,4.5,Not Available,-77,"4 total hours
37 lectures
Intermediate"
Project-Based iOS 10 App Development - Build a Real App,Become a professional iOS App Developer by building beautiful Real-World apps,Sebastian Dobrincu,4.6,Not Available,-10,"1 total hour
14 lectures
All Levels"
Unity Android Game & App Development - Build 10 Games & Apps,"Learn Android Game Development With Unity & Android App Development With MIT App Inventor, Build 10 Android Games & Apps","Raja Biswas, Charger Games",3.8,Not Available,-220,"22 total hours
142 lectures
All Levels"
iOS App Development For Complete & Utter Coding Beginners,iOS App Development Made Simple for Non Coders. No Experience Needed. Level Up Your Skills Today.,Grant Klimaytys,4.7,Not Available,-44,"2.5 total hours
23 lectures
Beginner"
Android App Development with Dependencies,A Complete Course on Android App Development with Android Dependencies,The Apps Firm,4.1,Not Available,-25,"1.5 total hours
32 lectures
Intermediate"
Android & iOS Development - How To Hire a Good App Developer,"10 Steps To Bring Your App Idea To Life Without Writing Code! Includes Idea Validation, Design & Hiring a Good Developer",Dante Varnado Moore,4.7,Not Available,-6,"1 total hour
15 lectures
All Levels"
Xamarin Android - A Master Guide to App Development in C#,"Complete Xamarin.Android Reference for Building Apps in C#. Threading, Images, Controls, Animations and Much More!",Grant Klimaytys,4.5,Not Available,-354,"7.5 total hours
76 lectures
All Levels"
IOS7 App Development - Easy iPhone Xcode Reskinning,"iOS7 - Designed for the COMPLETE BEGINNER to Xcode, Revmob and Chartboost. Easy step by step instructions for everyone.",Elaine Heny,4.3,Not Available,-35,"3.5 total hours
14 lectures
All Levels"
How To Use Git Branches To Speed Up Android App Development,Learn How To Use Git Branching Model Effectively To Make You Develop Android Apps Easier And Faster,Skill Centric,4.3,Not Available,-10,"1 total hour
29 lectures
Intermediate"
Learning App Development in iOS 8,Learn the skills required to become a iOS developer. An easy to follow course that teaches key fundamental skills,Infinite Skills,4.6,Not Available,-6,"6.5 total hours
70 lectures
All Levels"
Android Q App Development Mastery Course - Build 20+ Apps,Complete Android App Development Course using Java & Android Studio. Learn to build Android Apps with practical examples,Kapil Bhattarai,4.6,Not Available,-27,"20.5 total hours
190 lectures
All Levels"
Learn Android App Development using Java from Scratch,Hands on Projects included,Shubham Garg,4.7,Not Available,-5,"1.5 total hours
5 lectures
Beginner"
Low-code app development on the Creatio platform,Learn to create applications without programming skills with low-code platform,Creatio (formerly bpm’online),4.4,Bestseller,-54,"8.5 total hours
56 lectures
Beginner"
Running a Mobile App Dev Business: The Complete Guide,Learn how to start and grow a mobile app development business. Get up & running in less than 1 week.,Evan Kimbrell,4.4,Bestseller,"-1,038","17 total hours
88 lectures
All Levels"
Hybrid Mobile App Development with Ionic,"Leveraging AngularJS, CSS, HTML5, and Apache Cordova in the Ionic Framework",Infinite Skills,3.7,Not Available,-60,"3 total hours
52 lectures
All Levels"
Advanced Table View iOS App Development with Swift & Xcode,"Learn Programmatic Auto Layout, UITableView, Protocols & Delegates, Custom Cells, NSAttributedString, UIKit & Swift.",Max Nelson,4.4,Not Available,-48,"6 total hours
60 lectures
All Levels"
Android Development: Android App Development From Scratch,Learn Java. Learn Android App development with Android Oreo. Use Android Studio like a pro. Become an App Developer!,Oak Academy,4.3,Not Available,-81,"18 total hours
130 lectures
Beginner"
Android app development for beginners (with Kotlin),Kotlin Android Apps Development (Beginner to advanced),Beh Kh.,4.5,Not Available,-64,"13 total hours
71 lectures
All Levels"
Windows Phone Mobile App Development,Learn how to create mobile apps for the Windows Store. Real-life project examples.,Tiffany Ford,4.3,Not Available,-14,"2 total hours
18 lectures
Beginner"
Android Studio Masterclass - APP DEVELOPMENT COURSE,Learn Android App Development using ANDROID STUDIO & JAVA JDK .,Sagar Kundu,4.4,Not Available,-52,"10.5 total hours
52 lectures
Beginner"
The Complete Android R + Java Developer Course™ : 2020,"In this course, you'll learn Android Development and get to build your own Android R apps by using Java.",Morteza Kordi,4.4,Not Available,"-3,578","162.5 total hours
637 lectures
All Levels"
Learn Android App Development & Promote Your App like a Pro,"Learn how to create a Productivity Android App and how to rank #1 in Play Store and get 1,000,000 downloads.","Val Okafor, Alex Genadinik Teaching Assistant",4.1,Not Available,-46,"14.5 total hours
111 lectures
Beginner"
Mobile App Development with Titanium Studio by Jason Foster,"Develop apps for Android, Blackberry, iOS, and HTML using a single code base with Titanium Studio's classic framework.",Jason Foster,4.4,Not Available,-31,"9 total hours
62 lectures
All Levels"
Learn iOS10 Development with Swift3 & Xcode8 - Build 14 Apps,No Prior Coding Skills Required! Learn iOS Development by Examples. Build 14 apps & a Twitter Clone with Firebase,Sandra L,4.4,Not Available,-46,"24.5 total hours
205 lectures
All Levels"
Android Development for Beginners: Your first app in 2 hours,Learn Android app development step-by-step from hands-on senior android developer,Vadims Savjolovs,3.9,Not Available,-134,"2 total hours
37 lectures
Beginner"
Android Development Course Build TopNote App Using Firebase,"Build Complete Android App With Firebase Database, Learn How To Develop Complex Android App, Become Master With Firebase",Code Class Online by Shaon Chowdhury,4.2,Not Available,-16,"3 total hours
13 lectures
All Levels"
Mixed Language App Development with Objective-C and Swift,Effective Development for Cocoa and Cocoa Touch with Xcode,Infinite Skills,4.3,Not Available,-9,"7 total hours
89 lectures
Intermediate"
How To Create Android Apps Without Coding Advance Course,Best Android Apps Development Without code Course That Will Teach You To Create Stunning Apps Within Hours Without Code.,Liaqat Ali,4.2,Not Available,"-1,423","3 total hours
14 lectures
All Levels"
Learn Mobile App Development with Ionic Framework,Create professional mobile apps using the Ionic Framework,"Eduonix Learning Solutions, Eduonix-Tech .",4.4,Not Available,-70,"3.5 total hours
31 lectures
All Levels"
Android and Apple App Development: Beginner to Pro,"Never developed an app before? Learn Android and Apple development, learn Java and Swift. Learn Phonegap and app design.",Stone River eLearning,4.5,Not Available,-50,"42 total hours
504 lectures
All Levels"
Intro to Mobile Game and App Development and Corona SDK 2015,Learn how to make your very own games using Corona SDK. You'll start with the basics and wind up with your own game.,Daniel Williams,4.2,Not Available,-33,"3.5 total hours
62 lectures
All Levels"
All About Android(A^3)-Learn App Development by making Apps.,Know a bit of Java/Object Oriented Language? Hop in and start making Android Apps,Shwetank Sharma,3.8,Not Available,-63,"1.5 total hours
12 lectures
Beginner"
Complete Flutter development - build 14 ios and android apps,"Includes API handling, database projects, Firebase and BLOC",Igneus Technologies,4.1,Not Available,-139,"19 total hours
118 lectures
All Levels"
How To Make An Android App Without Knowing Development,Learn A Simple And Efficient Method For Android Apps Development Without Knowing How To Code.,"Sorin Constantin, Emily S. Lima",4.3,Not Available,-54,"3 total hours
14 lectures
All Levels"
Learn Apple's IOS App Development with Swift from scratch,An absolute beginner's quick introduction to creating apps for Apple's devices,Bluelime Learning Solutions,3.9,Not Available,-13,"3 total hours
31 lectures
Beginner"
Cross-platform Desktop App Development for Windows Mac Linux,"Create a multiplatform desktop applications which runs on Mac, Windows and Linux with one single code base",Adria Jimenez,4.7,Not Available,-46,"7 total hours
66 lectures
Intermediate"
Learning Android Apps Development from Scratch,Learn how to create your first Android Application and Publish it to google play store. With all the details from A to Z,Sarah Alenzei,3.9,Not Available,-14,"2.5 total hours
16 lectures
All Levels"
Flutter & Dart Development For Building iOS and Android Apps,Flutter is created by Google and is the future of all iOS and Android applications. It is powered by the Dart language,Frahaan Hussain,4.3,Not Available,-493,"10 total hours
125 lectures
All Levels"
Learn Javascript Web App Development -Build A Calculator App,"Javascript for Front End Web Development - Build Your Own Calculator App Using Javascript, HTML5 & CSS in an hour",DigiFisk (Programming is fun),4.6,Not Available,-97,"4 total hours
35 lectures
All Levels"
Apple TV App & Game Development for tvOS,"Everything you need to know to build apps and games for the Apple TV on tvOS including TVML, Swift, and SpriteKit","Mark Wahlbeck, Devslopes by Mark Wahlbeck",4.6,Not Available,-389,"16 total hours
80 lectures
Beginner"
Android N: From Beginner to Paid Professional,Comprehensive Android Nougat app development,"Mark Wahlbeck, Devslopes by Mark Wahlbeck",4,Not Available,"-2,197","25 total hours
93 lectures
All Levels"
Android App & Game Development :Build 6 Android Apps & Games,Android App Development Without Coding For Beginners Build Android Apps With Appinventor 2 Learn Android App Development,"Raja Biswas, Charger Games",4.1,Not Available,-58,"2.5 total hours
49 lectures
Beginner"
Android App Development using Android Studio - Advance,"Learn Mobile App Development on Android Platform using Android SDK, Integration with Back End, Sample Projects",Sisoft Learning,4.1,Not Available,-64,"17.5 total hours
102 lectures
All Levels"
Create A Mobile App Development Business By Outsourcing,Learn how to create a mobile app development business without knowing coding and design - no need for an iPhone or mac!,Amir Rimer,3.2,Not Available,-117,"1 total hour
17 lectures
Beginner"
iOS App Development With Corona SDK - Mobile Apps Made Easy,Learn how to create mobile apps for iOS and Android the easy way. Corona SDK makes app development easy,Infinite Skills,4.4,Not Available,-26,"4 total hours
39 lectures
All Levels"
Xamarin iOS - A Master Guide to App Development in C#,"Complete Xamarin.iOS Reference for Building iOS Apps in C#. Web Calls, Images, Controls, Animations and Much More!",Grant Klimaytys,4,Not Available,-270,"7.5 total hours
95 lectures
All Levels"
Android App Development: Easy and Quick Programming,App development. Programming Language,Stone River eLearning,4.1,Not Available,-43,"9 total hours
121 lectures
All Levels"
Mobile App development for beginners - Android and Apple,Create and deploy an app to a device,Bluelime Learning Solutions,3.7,Not Available,-31,"6.5 total hours
60 lectures
Beginner"
iOS app development for absolute beginners!,"iOS app development made easy! Navigate Xcode, swift, gain confidence in mobile development!",Yehuda Oren Cohen,4.2,Not Available,-64,"1.5 total hours
12 lectures
Beginner"
SwiftUI Development - iOS 13 & Swift 5 App Development,"Learn iOS app development with SwiftUI using MVVM Architecture, REST API, Observer Pattern, View composing.",Gaurav Parvadiya,4.2,Not Available,-9,"4 total hours
36 lectures
All Levels"
Learn Android App Development and How to Build Apps with AWS,Learn the Fundamentals of Android App Development and how to build Android Apps with Amazon Web Services (AWS).,Matrix Tech,4.2,Not Available,-59,"7 total hours
46 lectures
All Levels"
IONIC 4 App Development to Deployment,Let's build a cross platform mobile application using IONIC 4. Once Done with Development we will publish app to Stores.,Awais Jamil,4.6,Not Available,-8,"3 total hours
24 lectures
Intermediate"
Complete Unity® and Android Development: Build Games & Apps,Learn to code & build beginner Android apps! And make a Legend of Zenda game in Unity®. Make unique game art in Blender,"Mammoth Interactive, John Bura",4.5,Not Available,-248,"40.5 total hours
401 lectures
Beginner"
Android project base app development course build (Real App),In this android course you will build real world project.you will learn how to build advanced android app with firebase,Code Class Online by Shaon Chowdhury,3.4,Not Available,-82,"5 total hours
44 lectures
All Levels"
Python Django Web Development: To-Do App,Learn Database Driven Web Development With Django and Python!,John Elder,4.6,Not Available,-866,"2 total hours
31 lectures
Beginner"
Mobile App Development & App Design for iOS & Android 2020,Design and program iOS and Android app with social media (facebook and twitter). Publish on Google Play and Appstore.,Invedion ™,3.4,Not Available,-21,"11.5 total hours
44 lectures
All Levels"
Android App Development: Mobile App Development & Java,"Android App Development & Java Programming: Mobile App Development & Design, Build Android Apps, Android 5 & Lollipop",Easy Learn,2.7,Not Available,-176,"4.5 total hours
29 lectures
All Levels"
Kotlin for Android Development : Develop an App with Kotlin,Develop a Real World Weather App Using Kotlin for Android Development,"Concept Courses ⁯⁯⁯⁯⁯, Ted Horyczun",3.6,Not Available,-140,"1 total hour
24 lectures
Beginner"
App Development: Tutorial for Building Apps for Businesses,Creating apps for local businesses is extremely lucrative. We teach you how to outsource everything. Step-by-step guide.,Ira Turner,3.6,Not Available,-7,"2 total hours
26 lectures
All Levels"
iOS App Development,Publish your apps to the itunes store!,Travis .,4.1,Not Available,-3,"29 total mins
15 lectures
All Levels"
Machine Learning for Android App development Using ML Kit,Add intelligent features to your Android apps with ML Kit,Packt Publishing,3.5,Not Available,-20,"2 total hours
22 lectures
Intermediate"
LEARNING PATH: iOS 11 App Development with Swift 4,Implement the latest features of iOS 11 and Swift 4 to build apps for your iPhone,Packt Publishing,4.2,Not Available,-4,"7.5 total hours
81 lectures
Intermediate"
How to Outsource your iPhone App Development the Proper Way,Have you heard all the horror stories from outsourcing? Here are the EXACT steps to do it right - save TIME and MONEY!,Adarsh Menon,4.6,Not Available,-3,"4 total hours
39 lectures
All Levels"
Android App Development for Beginners,Hands-on Android Development course for Beginners - Create your app by the end of the course,Anu Khanchandani,3.7,Not Available,-8,"5.5 total hours
28 lectures
All Levels"
Complete Firebase Tutorial for Android App Development,Learn how to use firebase services for android app development with practical example.,Janhavi Sawant,3.7,Not Available,-33,"4.5 total hours
15 lectures
All Levels"
Full Stack Web (Angular) and Mobile (Ionic) App Development,"Step by step implementation with Spring Boot 2.1.4, Angular 7, Ionic 4 (ios, android, windows), hibernate, liquibase",Senol Atac,4.2,Not Available,-5,"3.5 total hours
54 lectures
All Levels"
Learn App Development with Docker,The Ultimate Course to Master Development and Management of Web Apps on Docker,"Eduonix Learning Solutions, Eduonix-Tech .",3.5,Not Available,-142,"4.5 total hours
23 lectures
Beginner"
I Want to Create an App But Don't Know Where to Start!,"Understand the myriad of app development tools, technologies and frameworks, regardless if you are a coder or non-coder!",Gary Kind,4.2,Not Available,-62,"1 total hour
11 lectures
All Levels"
Android 5.0 Lollipop - Mobile App Development,"This course is a complete package, detailed course on Android App Development using Android Lollipop",Ganesh D,3.6,Not Available,-19,"11.5 total hours
92 lectures
All Levels"
iOS 9 Swift App Development for Beginners and Entrepreneurs,Together we will build and publish your first profitable app. Launch your new app development business the right way.,Dennis White Sr,4.1,Not Available,-6,"7 total hours
48 lectures
All Levels"
App Development Without Coding Masterclass - Level 101,In this masterclass course students will learn how to build mobile and web applications without coding.,Mark Piller,4.7,Not Available,-2,"6.5 total hours
32 lectures
Beginner"
Beginner Introduction to Mobile App development with Xamarin,"Build cross-platform apps for IOS, Android or Windows using Xamarin",Bluelime Learning Solutions,3.9,Not Available,-43,"3.5 total hours
41 lectures
Beginner"
iOS Development - Adding In-App Purchasing To iOS Apps,Learn How To Add In-App Purchasing Into Your iOS Application. A Detailed Insight For iOS Developers From Infinite Skills,Infinite Skills,3.7,Not Available,-4,"1 total hour
16 lectures
All Levels"
Beginner Mobile App Development with Appcelerator Titanium,"Learn to develop native iPhone, Android, Blackberry, and Mobile Web apps with Open Source tools.",Szymon Machajewski,3.6,Not Available,-18,"3.5 total hours
19 lectures
All Levels"
Oracle Apex - Web App Development,Build enterprise apps 20 x faster with 100 x less code.,Vijay Thapa,4.1,Not Available,-34,"2 total hours
14 lectures
Intermediate"
Quick Guide to iOS App Development - Novice to Pro!: 4-in-1,"Build a custom web browser, a local Notepad app, and an iTunes movies browser using iOS 11 and Swift 4",Packt Publishing,4.7,Not Available,-2,"14.5 total hours
137 lectures
Beginner"
Real World Android App Development Course Build 10 App,This Android App Development Course is for Developing Expense Manager Android App Note Book Android App and Many more,Code Class Online by Shaon Chowdhury,3.4,Not Available,-34,"13 total hours
86 lectures
All Levels"
iOS App Development: Make Your Own To-Do List Application,A step through guide showing you how to create your own To-DO list application and how to submit it to the itunes store!,Travis .,4,Not Available,-3,"1 total hour
19 lectures
All Levels"
Android App Development – Making Your First App with Eclipse,"Beginners guide to make an Android app with Eclipse IDE with sound effects, menu, and a splash screen to name a few",Andrew Durtka,3.7,Not Available,-4,"2 total hours
22 lectures
All Levels"
iOS 7 Development - Adding Push Notification To iOS Apps,This Course will guide you through all the necessary steps required to add Push Notification to your iOS Apps,Pankaj Chhikara,4.1,Not Available,-8,"1 total hour
17 lectures
Intermediate"
Unity app development: Make a monetized gaming application,Basic & advanced 3D Game Design with C# Coding. Monetise your games with Ads Suitable for Beginners - Intermediate,Mohammed Khan,4.4,Not Available,-8,"4.5 total hours
23 lectures
All Levels"
The Complete iOS Development Course. Swift Programming A-Z,Best Swift Course Ever | Learn All Untold Secrets | Build +60 Apps | Complete iOS Swift Developer Course | Lear In Full,Akhmed Idigov,4.6,Not Available,-518,"44.5 total hours
329 lectures
Beginner"
Business App Development in Dynamics 365 for Non-Programmers,Build useful apps for mobile and the web using the PowerApp platform from Microsoft,Packt Publishing,4.3,Not Available,-15,"3.5 total hours
28 lectures
Beginner"
"Code a Swift iOS To Do List App, UIKit, CoreData, Table View",Learn Widely Used Concepts and Best Practices Used in Modern Day iOS Development to Hone Your Craft and Skill as a Dev,Max Nelson,4.6,Not Available,-143,"9.5 total hours
71 lectures
All Levels"
How to Make a Freaking iPhone App - iOS 10 and Swift 3,iPhone App Development from scratch. Learn how to make iOS apps using Xcode 8. The Basics Include Pokemon Go & Snapchat,Nick Walter,4.5,Not Available,"-1,183","16 total hours
158 lectures
Beginner"
Java: Enterprise App Development with Java EE 8: 2-in-1,Get hands-on with Java EE to build modern RESTful web services and enterprise applications with the latest Java EE 8 API,Packt Publishing,4.2,Not Available,-51,"5.5 total hours
60 lectures
Beginner"
Game Development (Android + IOS): Build 12 Apps & Games,"Build 12 Cool Projects-- 2048 game, Flappy Bird, Credit Card Validation, Scientific Calculator etc. with Python!!",Sachin Kafle,3.6,Not Available,-173,"27 total hours
160 lectures
All Levels"
The Complete Uber/Lyft Android App Development Course,Learn how to build a complete ride sharing app like Uber/Lyft with this complete Android course.,App Model,2.7,Not Available,-27,"8.5 total hours
58 lectures
All Levels"
Mobile App Development – A Practical Lessons,A Practical Guide to all the Moving Parts involved in Mobile App Development from Pre-Production to Post-Production.,Vijay Kumar,3.5,Not Available,-6,"6.5 total hours
32 lectures
All Levels"
Android App Development Course Build TDS App Using Firebase,"Learn Android Development,Build Complete Android App,Become Master With Android Firebase,Upload Android App To Playstore",Code Class Online by Shaon Chowdhury,3.2,Not Available,-60,"2.5 total hours
13 lectures
All Levels"
Decentralized App Development with Blockchain-Novice to Pro!,Build decentralized gaming application using Ethereum! Blockchain projects which establish security using Hyperledger.,Packt Publishing,4.3,Not Available,-16,"12.5 total hours
116 lectures
Beginner"
Learn React Native - Cross Platform App Development,"Creative React Native course for beginners, Learn by making Rock Paper Scissors game",Shivam Kumar,3.7,Not Available,-25,"1 total hour
19 lectures
Beginner"
iOS 13 & Swift 5—The Complete iOS App Development Course,Master iOS development in iOS 13 with Swift 5.,Josh Arnold,3.8,Not Available,-4,"5 total hours
29 lectures
All Levels"
Learn Flutter and Dart: Complete App Development Projects,Learn all about creating apps with code in more detail than any YouTube tutorial. Learn Dart Language Basics and Widgets,"Mammoth Interactive, John Bura",4,Not Available,-14,"7.5 total hours
52 lectures
Beginner"
The Complete Android 10 & Kotlin Development Masterclass,Learn Android 10 App Development From Beginner to Advanced Developer. Learn to Code Kotlin While Building Android Q Apps,"Denis Panjuta, Tutorials.eu by Denis Panjuta",4.5,Bestseller,"-1,479","45.5 total hours
287 lectures
All Levels"
Android App Development Course,"Learn Android App Development Cours with Android 9 (Pie) Build real Apps like Uber , Whatsapp, Google News and Mx Player",Zeeshan Mehdi,3.1,Not Available,-71,"15.5 total hours
49 lectures
All Levels"
Unit Testing Swift Mobile App,Apply Test-Driven Development(TDD) process to iOS mobile app development in Swift,Sergey Kargopolov,4.4,Bestseller,-118,"8.5 total hours
135 lectures
Beginner"
Configuring SharePoint 2013 Server for Apps Development,Configure SharePoint 2013 Server for Apps Development in Easy Steps,Kameswara Sarma Uppuluri,4.2,Not Available,-23,"1 total hour
28 lectures
All Levels"
iOS app development: Swift 5 fundamentals for beginners,Master Apple's new programming language. Learn the basics of Swift 5 to create iOS 13 App for the iPad and iPhone today!,Sam Saunders,5,Not Available,-1,"3.5 total hours
34 lectures
Beginner"
Flutter App Development For Beginners,The complete step by step app development manual for Flutter,"Eduonix Learning Solutions, Eduonix-Tech .",3.9,Not Available,-5,"6 total hours
37 lectures
All Levels"
A Practical Guide to App Development with Scala,Build Scala apps using concurrency and message passing in an Akka framework using Play framework for web developments,Packt Publishing,3.8,Not Available,-16,"6 total hours
42 lectures
Beginner"
Full Stack App Development with Spring 5 and Angular: 3-in-1,Build amazingly beautiful apps combining the power of two hottest frameworks Angular 6 with Spring 5!,Packt Publishing,4.1,Not Available,-15,"8.5 total hours
82 lectures
Intermediate"
The App Developer Bootcamp,Learn the basics of Swift and Xcode for app development quick and fast. For those with no programming experience!,Online Training Plus,4.7,Not Available,-20,"6 total hours
27 lectures
Beginner"
iOS 12: Learn to Code & Build Real iOS 12 Apps in Swift 4.2,Master iOS 12 development with Swift 4.2 building full-stack apps in this brand new course. Incl. Core ML 2 & ARKit 2!,"Caleb Stultz, Jonathan Burgoyne",4.7,Not Available,-814,"52 total hours
255 lectures
All Levels"
Android App Development Essential Training,Android Development from Scratch for Beginners,QScutter Tutorials,3,Not Available,-3,"4 total hours
50 lectures
Beginner"
Dart & Flutter: The Complete Mobile Apps Development Course,A Complete Guide to the Dart & Flutter Framework for building beautiful native apps on iOS and Android,Packt Publishing,3.5,Not Available,-12,"17 total hours
104 lectures
Beginner"
AWS: Serverless App Development with AWS: 3-in-1,Conquer the world of serverless application development to master production -ready and secure applications with AWS.,Packt Publishing,4.2,Not Available,-18,"7 total hours
65 lectures
Intermediate"
Windows IoT App Development,Learn how to develop IoT applications on Windows IoT,Amr Swalha,3.7,Not Available,-21,"2 total hours
22 lectures
Beginner"
Android Daily Shopping List App Using Firebase(Project base),In This Android App Development Course You Will Learn How To Develop DailyShoppingList Android App A Complex Android App,Code Class Online by Shaon Chowdhury,4.2,Not Available,-146,"3 total hours
20 lectures
Intermediate"
The Android Development Bootcamp 2020 - Android 10 (Q),"Learn Android App Development, using Android 10 (Q), build real apps, make a portfolio, in a brand new course for 2020.",Vin Norman,4.7,Not Available,-78,"12.5 total hours
76 lectures
All Levels"
Android App Development For Beginners With FREE Software,Android App Development Basics With FREE Android Learner Software,Bhuvanesh S,2.4,Not Available,-43,"30 total mins
17 lectures
All Levels"
iOS App Development with Cocos2d (v1 or v2) and Xcode,Learn to build games or apps for the iPhone or iPad using Xcode and Cocos2d.,Justin Dike,4.3,Not Available,-4,"22 total hours
32 lectures
All Levels"
App Development with ASP .NET Core MVC,Learn to build and run your first application with the latest ASP.NET Core MVC,Packt Publishing,4.4,Not Available,-10,"13.5 total hours
101 lectures
Beginner"
Game Development Masterclass: Make Educational Apps & Games,Build your first app and inspire kids. Make education games with coding & artificial intelligence! Perfect for beginners,"John Bura, Mammoth Interactive",4.1,Not Available,-23,"22.5 total hours
168 lectures
All Levels"
Mastering iOS Development - Integrate iOS Apps With iCloud,Program Your iOS Apps To integrate With iCloud. Part Of The Infinite Skills Mastering iOS Development Series,Infinite Skills,4,Not Available,-2,"1.5 total hours
18 lectures
All Levels"
Complete Android app Development Course - Without Coding,"Learn about App inventer, thunkable, appybuilder, makeroid, droidmaker, kodular. how tp make apps for android.",Shivendra Singh,2.6,Not Available,-8,"1 total hour
30 lectures
Intermediate"
Create Android & iOS Apps Without Coding,Amazing Android and iOS App Development Without Coding or programming,Khalid Hamadeh,4.4,Not Available,-25,"2 total hours
31 lectures
All Levels"
Android Development Course: Learn Android Oreo From Scratch,Learn Android Oreo and become an Android Developer. It has never been easier to learn Android App Development with Oreo,Oak Academy,4.4,Not Available,-16,"11.5 total hours
54 lectures
All Levels"
Apple Watch App Development for Beginners (SWIFT),Understand & Use the Fundamentals of Apple Watch App Development,Afraz Siddiqui,5,Not Available,-1,"1 total hour
8 lectures
Beginner"
Complete iOS 10 development Bootcamp,"A complete app design process and development with swift 3, xcode 8, SketchApp and Firebase for ios 10",Igneus Technologies,4.1,Not Available,-174,"26.5 total hours
151 lectures
All Levels"
How to Make a Freaking iPhone App - iOS 11 and Swift 4,iPhone App Development from scratch. Learn how to make iOS apps using Xcode 9. Including CoreML and ARKit!,Nick Walter,4.8,Not Available,-475,"16.5 total hours
143 lectures
Beginner"
Build your first iOS App in Swift,iOS Application Development for Beginners,Zeph Cohen,4.8,Not Available,-23,"3.5 total hours
21 lectures
Beginner"
Kotlin Android Development Masterclass,"Learn Kotlin, Android Development, Android Studio & IntelliJ IDEA from Scratch. Build Android Apps in Kotlin.","Paulo Dichone | Android, Java, Flutter Developer and Teacher",4.3,Not Available,-790,"32.5 total hours
224 lectures
All Levels"
Progressive Web App Development: A Complete Guide: 2-in-1,Simplify your application development and deployment by creating apps with improved capabilities,Packt Publishing,3.9,Not Available,-3,"9.5 total hours
78 lectures
Beginner"
Intermediate iOS - Complex and Advanced iPhone Apps,Use Xcode and Swift 4 to take your app development skills to the next level,"Nick Walter, Mohammad Azam",4.6,Not Available,-155,"12.5 total hours
63 lectures
All Levels"
Serverless Apps Development with Azure Functions and Node.js,"Build effective, scalable, Node.js applications and deploy them on the cloud",Packt Publishing,3.7,Not Available,-10,"6.5 total hours
62 lectures
Beginner"
Java: Enterprise App Development with Java 9: 4-in-1,Build modern and scalable enterprise applications using Java 9 and Java EE 8 to become a professional Java developer!,Packt Publishing,3.6,Not Available,-5,"9 total hours
62 lectures
Beginner"
Introduction to Android Development for beginners,Create an Android App step by step from scratch,Bluelime Learning Solutions,4.2,Not Available,-118,"8 total hours
70 lectures
Beginner"
iOS App Development: Make Your Own Flappy Bird Application,A step through guide showing you how to create your own Flappy Bird application and how to submit it to the itunes store,Travis .,2.5,Not Available,-2,"39 total mins
15 lectures
All Levels"
Beginners Swift Programming For iOS Development,Learn how to program with iOS Apps with Swift. A easy to follow course for the beginner,Infinite Skills,4.7,Not Available,-9,"3 total hours
49 lectures
All Levels"
Flutter Web Development Course Build Complete FlutterWeb App,"Flutter Web development Course Will Teach You-How To Build Complete Web App Using Flutter,Flutter Web App,Flutter UI",Code Class Online by Shaon Chowdhury,3.1,Not Available,-273,"2 total hours
10 lectures
All Levels"
Modern App Development with C# 8 and .NET Core 3.0,"Build amazing cross-device and cross-platform applications—web, mobile, and desktop alike with new C# and .NET Core",Packt Publishing,3.5,Not Available,-17,"5.5 total hours
38 lectures
Intermediate"
iOS Development: Design 5 apps including an Apple Watch App!,Become an Apple Developer & Build 4 iPhone (iOS) apps and build an Apple Watch app!,Travis .,3.5,Not Available,-1,"3 total hours
53 lectures
All Levels"
Swift 3 - Master Swift Development From Scratch,Go from beginner to an expert Swift Programmer in 4 weeks. Then learn building iOS10 Apps or Server Side Swift Apps.,Nikant Vohra,4.5,Not Available,-181,"6.5 total hours
63 lectures
All Levels"
Learning Path: Laravel: Modern App Development with Laravel,Grasp everything you need to know to get started with Laravel,Packt Publishing,4.2,Not Available,-6,"9 total hours
49 lectures
Intermediate"
Make Whatsapp Stickers App in Android Studio - No Coding,"Whatsapp Stickers Android App Development, Without Knowledge of Coding - Android Studio Project",Shuja Sardar,4.9,Not Available,-4,"35 total mins
20 lectures
All Levels"
"Meteor: Full Stack JavaScript, MongoDB & App Development","Meteor Framework, Full Stack Javascript & Mongodb: App Development, SQL, CSS & HTML, MeteorJS, Front End Web Development",Easy Learn,1.6,Not Available,-112,"4.5 total hours
44 lectures
All Levels"
"The Ultimate iOS 10, Xcode 8 Developer course. Build 30 apps",Learn to become a virtuosic developer with the most comprehensive iOS development course ever produced.,"Mammoth Interactive, John Bura",4.4,Not Available,-249,"102.5 total hours
295 lectures
All Levels"
Swift 4 and iOS 11: Building a Store Front App (App Only),*** FREE Update to Swift 4 and iOS 11 *** Swift iOS development: Developing eCommerce type application from scratch.,Andi Setiyadi,4.4,Not Available,-23,"16 total hours
50 lectures
Beginner"
The Complete Android 10 Developer Course - Mastering Android,Learn Android App Development from Zero to Hero - Become a Real Android Developer - Start your coding career,Abbass Masri,3.9,Not Available,-224,"27 total hours
137 lectures
All Levels"
Android App Development and Design,Android App Development and Design - Design Amazing Applications for the Android OS,Skill Pass,2.6,Not Available,-2,"4 total hours
43 lectures
All Levels"
The Complete iOS SDK Development Course - be job-ready!,"Integrate Facebook, AdMob, Amazon, Google Sign-in and other 3rd party iOS SDKs into your apps Xcode 10, iOS 12, Swift 4","Codestars by Rob Percival, Rob Percival, Dee Aliyu Odumosu",4.4,Not Available,-40,"7.5 total hours
126 lectures
Beginner"
LEARNING PATH: Electron: App Development with Electron,"Efficiently build, package, and distribute your Electron applications",Packt Publishing,3.3,Not Available,-19,"6 total hours
55 lectures
Intermediate"
Learn to Build a Professional App in Android,A Hands on Approach to Android App Development for Professionals,"Eduonix Learning Solutions, Eduonix-Tech .",4.3,Not Available,-20,"3.5 total hours
17 lectures
All Levels"
"Make Social Networking App like Instagram - Kotlin, Firebase","Create Social Network App like Instagram, Facebook & snapchat clone - Android Studio Kotlin Development Tutorial 2020",Coding Cafe,4.1,Not Available,-21,"15 total hours
33 lectures
All Levels"
Android Office Task Management App Using Firebase(Real App),"Learn Android App Development, Build Complex Android App, Learn Android Firebase Database and Build Complete Android App",Code Class Online by Shaon Chowdhury,4.1,Not Available,-143,"2.5 total hours
24 lectures
All Levels"
The Complete RxJava 2 For Android Development Masterclass,"Architect Android Apps With Rx Java 2 , MVVM, Room DB, Retrofit 2 & Dagger 2. Advanced Android Architecture mastery",Anushka Madusanka,4.5,Bestseller,-540,"6.5 total hours
96 lectures
All Levels"
Windows 10 C++ App Development for Startups - C++ Simplified,Learn C++ From Scratch - Go from zero programming to building 2 Windows 10 C++ apps! Full C++ Apps Inside!,"Augmented Startups, Rajiv Desai",2.7,Not Available,-19,"3 total hours
21 lectures
Beginner"
The Android developer's journey,"Android App Development via Android Studio, the Java object-oriented programming language, together with Google Firebase","Richard Goodman, Codestars by Rob Percival",4,Not Available,-153,"14 total hours
114 lectures
Beginner"
iOS 12 & iOS 13: Build a Complete App from Beginning to End,"Develop a Real iOS App in 5 hours | Check it Out in the App Store | Master Swift, iOS 12, Xcode, and iOS App Development",Michael Harrison,4.6,Not Available,-34,"4.5 total hours
28 lectures
Beginner"
Cognitive App Development with IBM Watson,"ChatBot,Text to Speech,Speech to Text,Visual Recognition,Tone Analyzer,Personality Insights ,Language Translator,NLU/C",Pranjal Srivastava,3.1,Not Available,-61,"3.5 total hours
30 lectures
All Levels"
Introduction To Steem Apps Development Using JavaScript,Learn how to interact with the Steem Blockchain using the official Steem JavaScript Library,Matthew Enubuje,4,Not Available,-3,"1.5 total hours
22 lectures
Beginner"
