Title,HeadLine,Instructors,Rating,Tags,Reviews,AddInfo
The Web Developer Bootcamp,"The only course you need to learn web development - HTML, CSS, JS, Node, and More!",Colt Steele,4.7,Not Available,"-1,82,487","47 total hours
405 lectures
All Levels"
Angular - The Complete Guide (2020 Edition),"Master Angular 10 (formerly ""Angular 2"") and build awesome, reactive web apps with the successor of Angular.js",Maximilian Schwarzmüller,4.6,Bestseller,"-1,29,516","33.5 total hours
455 lectures
All Levels"
The Complete 2020 Web Development Bootcamp,"Become a full-stack web developer with just one course. HTML, CSS, Javascript, Node, React, MongoDB and more!",Dr. Angela Yu,4.7,Bestseller,"-86,729","54 total hours
469 lectures
All Levels"
The Complete JavaScript Course 2020: Build Real Projects!,"Master JavaScript with the most complete course! Projects, challenges, quizzes, JavaScript ES6+, OOP, AJAX, Webpack",Jonas Schmedtmann,4.6,Bestseller,"-83,060","28 total hours
166 lectures
All Levels"
The Complete Web Developer Course 2.0,"Learn Web Development by building 25 websites and mobile apps using HTML, CSS, Javascript, PHP, Python, MySQL & more!","Rob Percival, Codestars by Rob Percival",4.5,Not Available,"-63,041","30.5 total hours
308 lectures
All Levels"
Modern React with Redux [2020 Update],"Master React v16.6.3 and Redux with React Router, Webpack, and Create-React-App. Includes Hooks!",Stephen Grider,4.7,Bestseller,"-60,587","52 total hours
543 lectures
All Levels"
Build Responsive Real World Websites with HTML5 and CSS3,"The easiest way to learn modern web design, HTML5 and CSS3 step-by-step from scratch. Design AND code a huge project.",Jonas Schmedtmann,4.6,Bestseller,"-44,428","12 total hours
77 lectures
All Levels"
The Complete Web Developer in 2020: Zero to Mastery,"Learn to code and become a Web Developer in 2020 with HTML, CSS, Javascript, React, Node.js, Machine Learning & more!",Andrei Neagoie,4.7,Not Available,"-40,776","35 total hours
342 lectures
All Levels"
"Vue - The Complete Guide (w/ Router, Vuex, Composition API)",Vue.js is an awesome JavaScript Framework for building Frontend Applications! VueJS mixes the Best of Angular + React!,Maximilian Schwarzmüller,4.7,Bestseller,"-40,721","48.5 total hours
667 lectures
All Levels"
JavaScript: Understanding the Weird Parts,"An advanced JavaScript course for everyone! Scope, closures, prototypes, 'this', build your own framework, and more.",Anthony Alicea,4.7,Not Available,"-39,033","11.5 total hours
85 lectures
All Levels"
Python and Django Full Stack Web Developer Bootcamp,"Learn to build websites with HTML , CSS , Bootstrap , Javascript , jQuery , Python 3 , and Django!",Jose Portilla,4.5,Bestseller,"-33,496","32 total hours
198 lectures
All Levels"
The Complete ASP.NET MVC 5 Course,"Learn to build fast and secure web applications with ASP.NET MVC 5 - The most popular course with 40,000+ students!",Mosh Hamedani,4.3,Bestseller,"-25,276","7.5 total hours
139 lectures
All Levels"
"Advanced CSS and Sass: Flexbox, Grid, Animations and More!","The most advanced and modern CSS course on the internet: master flexbox, CSS Grid, responsive design, and so much more.",Jonas Schmedtmann,4.8,Bestseller,"-24,921","28 total hours
125 lectures
Intermediate"
Learn and Understand NodeJS,"Dive deep under the hood of NodeJS. Learn V8, Express, the MEAN stack, core Javascript concepts, and more.",Anthony Alicea,4.5,Not Available,"-23,853","13 total hours
97 lectures
All Levels"
The Complete Angular Course: Beginner to Advanced,"The most comprehensive Angular 4 (Angular 2+) course. Build a real e-commerce app with Angular, Firebase and Bootstrap 4",Mosh Hamedani,4.4,Not Available,"-21,505","29.5 total hours
376 lectures
All Levels"
Master Microservices with Spring Boot and Spring Cloud,"An awesome journey from Restful Web Services ( REST API ) to Microservices with Java, Spring Boot and Spring Cloud",in28Minutes Official,4.4,Bestseller,"-21,427","11 total hours
141 lectures
All Levels"
Modern JavaScript From The Beginning,Learn and build projects with pure JavaScript (No frameworks or libraries),Brad Traversy,4.7,Not Available,"-21,185","21.5 total hours
122 lectures
All Levels"
Learn and Understand AngularJS,"Master AngularJS and the Javascript concepts behind it, design custom directives, and build a single page application.",Anthony Alicea,4.6,Bestseller,"-19,049","7 total hours
55 lectures
All Levels"
Angular & NodeJS - The MEAN Stack Guide [2020 Edition],Learn how to connect your Angular Frontend to a NodeJS & Express & MongoDB Backend by building a real Application,Maximilian Schwarzmüller,4.6,Bestseller,"-17,887","13 total hours
151 lectures
All Levels"
PHP for Beginners - Become a PHP Master - CMS Project,PHP for Beginners: learn everything you need to become a professional PHP developer with practical exercises & projects.,"Edwin Diaz, Coding Faculty Solutions",4.4,Bestseller,"-17,415","37.5 total hours
340 lectures
All Levels"
The Complete React Developer Course (w/ Hooks and Redux),"Learn how to build and launch React web applications using React, Redux, Webpack, React-Router, and more!",Andrew Mead,4.7,Not Available,"-17,150","39 total hours
200 lectures
Beginner"
Understanding TypeScript - 2020 Edition,"Don't limit the Usage of TypeScript to Angular! Learn the Basics, its Features, Workflows and how to use it!",Maximilian Schwarzmüller,4.7,Bestseller,"-16,334","15 total hours
197 lectures
All Levels"
Angular Crash Course for Busy Developers,Have limited time to learn Angular 4 (Angular 2+)? Take this course and learn Angular in 10 hours!,Mosh Hamedani,4.5,Not Available,"-15,529","10.5 total hours
137 lectures
All Levels"
Learn HTML5 Programming From Scratch,A Complete HTML5 Programming Course for Beginners,"Eduonix Learning Solutions, Eduonix-Tech .",4.3,Not Available,"-14,118","17 total hours
72 lectures
All Levels"
Modern HTML & CSS From The Beginning (Including Sass),"Build modern responsive websites & UIs with HTML5, CSS3 & Sass! Learn Flex & CSS Grid",Brad Traversy,4.7,Not Available,"-13,390","21 total hours
129 lectures
All Levels"
Web Design for Beginners: Real World Coding in HTML & CSS,"Launch a career as a web designer by learning HTML5, CSS3, responsive design, Sass and more!",Brad Schiff,4.6,Bestseller,"-12,751","11 total hours
71 lectures
All Levels"
The Complete WordPress Website Business Course,"Master WordPress with this Complete WordPress Course, without learning how to code and without any programming!","Rob Percival, Gregg Davis, Codestars by Rob Percival",4.4,Not Available,"-12,572","22 total hours
113 lectures
All Levels"
Bootstrap 4 From Scratch With 5 Projects,Master Bootstrap 4 and build 5 real world themes while learning HTML5 semantics & CSS3,Brad Traversy,4.7,Bestseller,"-12,539","11.5 total hours
74 lectures
All Levels"
Build an app with ASPNET Core and Angular from scratch,A practical example of how to build an application with ASP.NET Core WebAPI (v2.2) and Angular (v8) from start to finish,Neil Cummings,4.6,Bestseller,"-12,182","29 total hours
218 lectures
Beginner"
Node with React: Fullstack Web Development,"Build and deploy fullstack web apps with NodeJS, React, Redux, Express, and MongoDB.",Stephen Grider,4.6,Not Available,"-12,018","26 total hours
211 lectures
All Levels"
Become a WordPress Developer: Unlocking Power With Code,"Learn PHP, JavaScript, WordPress theming & the WP REST API to Create Custom & Interactive WordPress Websites",Brad Schiff,4.7,Bestseller,"-11,843","26 total hours
121 lectures
All Levels"
Ultimate Web Designer & Developer Course: Build 23 Projects!,Become a Full-Stack Developer - Learn Everything from Design to Front & Back-End Programming.,"Brad Hussey, Code College",4.4,Not Available,"-11,448","32.5 total hours
246 lectures
All Levels"
REST APIs with Flask and Python,"Build professional REST APIs with Python, Flask, Flask-RESTful, and Flask-SQLAlchemy","Jose Salvatierra, Teclado by Jose Salvatierra",4.6,Bestseller,"-11,042","17 total hours
156 lectures
Intermediate"
The Complete Ruby on Rails Developer Course,Learn to make innovative web apps with Ruby on Rails and unleash your creativity,"Rob Percival, Mashrur Hossain, Codestars by Rob Percival",4.6,Bestseller,"-11,027","48 total hours
432 lectures
All Levels"
"MERN Stack Front To Back: Full Stack React, Redux & Node.js","Build and deploy a social network with Node.js, Express, React, Redux & MongoDB. Fully updated April 2019",Brad Traversy,4.7,Bestseller,"-10,918","12 total hours
73 lectures
Intermediate"
Docker Crash Course for busy DevOps and Developers,Learn how to develop and deploy web applications with Docker technologies. Take your DevOps skills to the next level.,"Tao W., Level Up, James Lee",4.4,Not Available,"-10,783","3 total hours
49 lectures
All Levels"
Ethereum and Solidity: The Complete Developer's Guide,"Use Ethereum, Solidity, and Smart Contracts to build production-ready apps based on the blockchain",Stephen Grider,4.6,Bestseller,"-10,770","24 total hours
250 lectures
All Levels"
The Coding Interview Bootcamp: Algorithms + Data Structures,Ace your next Javascript coding interview by mastering data structures and algorithms.,Stephen Grider,4.7,Not Available,"-10,662","13 total hours
135 lectures
All Levels"
"Complete React Developer in 2020 (w/ Redux, Hooks, GraphQL)","Become a Senior React Developer! Build a massive E-commerce app with Redux, Hooks, GraphQL, ContextAPI, Stripe, Firebase","Andrei Neagoie, Yihua Zhang",4.6,Not Available,"-9,895","40 total hours
349 lectures
All Levels"
The Modern JavaScript Bootcamp,"Learn JavaScript by building real-world apps. Includes 3 real-world projects, 80 programming challenges, and ES6/ES7!",Andrew Mead,4.8,Not Available,"-9,615","29.5 total hours
155 lectures
All Levels"
Advanced React and Redux,"Walkthroughs on advanced React v16.6.3 and Redux v4.0.0 - Authentication, Testing, Middlewares, HOC's, and Deployment",Stephen Grider,4.4,Not Available,"-9,351","21 total hours
239 lectures
Intermediate"
The Complete Front-End Web Development Course!,"Get started as a front-end web developer using HTML, CSS, JavaScript, jQuery, and Bootstrap!","Joseph Delgadillo, Nick Germaine",4.3,Not Available,"-9,137","17 total hours
126 lectures
All Levels"
ES6 Javascript: The Complete Developer's Guide,ES6 Javascript Development from scratch. Get practice with live examples and learn exactly where to apply ES6 features.,Stephen Grider,4.6,Not Available,"-8,883","6 total hours
68 lectures
Beginner"
Node.js: The Complete Guide to Build RESTful APIs (2018),"Learn to build fast, scalable and secure RESTful services with Node, Express and MongoDB, from setup to production",Mosh Hamedani,4.6,Bestseller,"-8,837","15 total hours
224 lectures
Intermediate"
AWS Serverless APIs & Apps - A Complete Introduction,"Get into serverless computing with API Gateway, AWS Lambda and other Amazon Web Services! Zero server config APIs & SPAs","Academind by Maximilian Schwarzmüller, Maximilian Schwarzmüller",4.7,Bestseller,"-8,706","8 total hours
142 lectures
All Levels"
"Beginner Full Stack Web Development: HTML, CSS, React & Node","Learn web development with HTML, CSS, Bootstrap 4, ES6 React and Node","Mark Wahlbeck, Devslopes by Mark Wahlbeck",4.5,Bestseller,"-8,681","30 total hours
161 lectures
Beginner"
PHP with Laravel for beginners - Become a Master in Laravel,Learn to master Laravel to make advanced applications like the real CMS app we build on this course,"Edwin Diaz, Coding Faculty Solutions",4.5,Bestseller,"-8,589","43 total hours
407 lectures
All Levels"
The Advanced Web Developer Bootcamp,"Learn React 16, Redux, D3, ES2015, Testing, CSS Flexbox, Animations, SVG, AJAX, and more!","Colt Steele, Elie Schoppik, Tim Garcia, Matt Lane",4.3,Not Available,"-8,222","34 total hours
391 lectures
Intermediate"
Progressive Web Apps (PWA) - The Complete Guide,"Build a Progressive Web App (PWA) that feels like an iOS & Android App, using Device Camera, Push Notifications and more","Academind by Maximilian Schwarzmüller, Maximilian Schwarzmüller",4.6,Bestseller,"-8,126","16 total hours
208 lectures
All Levels"
Learn Object Oriented PHP By Building a Complete Website,Quick and Easy Guide to Master OOPs in PHP,"Eduonix Learning Solutions, Eduonix-Tech .",4,Not Available,"-7,473","4.5 total hours
33 lectures
All Levels"
GraphQL with React: The Complete Developers Guide,Learn and master GraphQL by building real web apps with React and Node,Stephen Grider,4.4,Not Available,"-7,039","13.5 total hours
115 lectures
Intermediate"
Master Java Web Services and RESTful API with Spring Boot,Build Java Web Services & REST API - RESTful & SOAP - with Spring & Spring Boot. Learn REST API & SOAP Web Services Now!,in28Minutes Official,4.4,Not Available,"-6,373","9.5 total hours
109 lectures
All Levels"
JavaScript: The Advanced Concepts,Learn modern advanced JavaScript practices and be in the top 10% of JavaScript developers,Andrei Neagoie,4.8,Not Available,"-6,244","25 total hours
219 lectures
All Levels"
Git a Web Developer Job: Mastering the Modern Workflow,"Learn Git, GitHub, Node.js, NPM, Object-oriented JavaScript, ES6, webpack, Netlify, BEM and Job Interview Tips",Brad Schiff,4.7,Not Available,"-6,152","15 total hours
68 lectures
Beginner"
The Complete Developers Guide to MongoDB,Master MongoDB and Mongoose design with a test-driven approach,Stephen Grider,4.4,Not Available,"-5,906","13.5 total hours
129 lectures
All Levels"
Build Websites from Scratch with HTML & CSS,Learn Web Development Essentials and Become a Web Developer From Scratch in this Complete HTML & CSS Beginner's Course,"Brad Hussey, Code College",4.6,Not Available,"-5,906","8 total hours
77 lectures
Beginner"
Angular Front To Back,Master Angular 5 from the basics to building an advanced application with Firebase's Firestore as well as authentication,Brad Traversy,4.7,Not Available,"-5,864","11.5 total hours
73 lectures
All Levels"
AWS CloudFormation Master Class,Write Complete AWS CloudFormation Templates using YAML. Learn all the Recent Cloud Formation Features,Stephane Maarek | AWS Certified Solutions Architect & Developer Associate,4.7,Bestseller,"-5,779","3.5 total hours
70 lectures
All Levels"
Javascript for Beginners Learn by Doing Practical Exercises,JavaScript for Beginners : Work closely with me doing exercises & learn more. I make Javascript easy for you guaranteed.,"Edwin Diaz, Coding Faculty Solutions",4.4,Not Available,"-5,488","3.5 total hours
30 lectures
All Levels"
"Angular (Full App) with Angular Material, Angularfire & NgRx","Use Angular, Angular Material, Angularfire (+ Firebase with Firestore) and NgRx to build a real Angular App","Academind by Maximilian Schwarzmüller, Maximilian Schwarzmüller",4.6,Bestseller,"-5,481","11.5 total hours
140 lectures
All Levels"
The Complete Junior to Senior Web Developer Roadmap (2020),Go from Junior Developer to Senior Developer. Learn all the technical skills Senior Web Developers know in 2020!,Andrei Neagoie,4.7,Not Available,"-5,434","35.5 total hours
396 lectures
Intermediate"
React Front To Back,"Learn Modern React 16.8+ Including Hooks, Context API, Full Stack MERN & Redux By Building Real Life Projects",Brad Traversy,4.7,Not Available,"-5,413","14 total hours
91 lectures
All Levels"
The Complete Elixir and Phoenix Bootcamp,Master Functional Programming techniques with Elixir and Phoenix while learning to build compelling web applications!,Stephen Grider,4.6,Bestseller,"-5,165","17.5 total hours
152 lectures
All Levels"
Web Development w/ Google’s Go (golang) Programming Language,Learn Web Programming from a University Professor in Computer Science with over 15 years of teaching experience.,Todd McLeod,4.6,Not Available,"-5,141","19 total hours
171 lectures
Intermediate"
The Complete 2020 Web Development Course - Build 15 Projects,"The only course you need to become a full-stack web developer. Covers HTML5, CSS3, JS, ES6, Node, APIs, Mobile & more!",Development Island (UK),4.6,Not Available,"-5,137","99.5 total hours
504 lectures
All Levels"
Node JS: Advanced Concepts,"Get advanced with Node.Js! Learn caching with Redis, speed up through clustering, and add image upload with S3 and Node!",Stephen Grider,4.7,Not Available,"-5,081","16 total hours
166 lectures
Intermediate"
Advanced Javascript,In only seven hours you will learn enough javascript to transform from a Junior JS Dev into a Senior JS Guru,Asim Hussain,4.6,Not Available,"-5,030","6.5 total hours
47 lectures
Intermediate"
JavaScript Beginner Bootcamp (2020),"JavaScript for Beginners: Projects based learning, whiteboard animations, coding in the browser and quizzes.",Rob Merrill,4.6,Not Available,"-4,956","38.5 total hours
388 lectures
Beginner"
Django 2.2 & Python | The Ultimate Web Development Bootcamp,"Build three complete websites, learn back and front-end web development, and publish your site online with DigitalOcean",Nick Walter,4.5,Not Available,"-4,812","10 total hours
78 lectures
Beginner"
Webpack 2: The Complete Developer's Guide,"Master Webpack 2 as you deploy web apps supported by Babel, code splitting, and ES2015 Modules.",Stephen Grider,4.7,Not Available,"-4,799","5.5 total hours
56 lectures
All Levels"
Modern JavaScript (from Novice to Ninja),Create awesome JavaScript driven web apps with modern JavaScript from the very beginning right through to ninja-level.,The Net Ninja (Shaun Pelling),4.8,Not Available,"-4,692","19 total hours
173 lectures
All Levels"
"Node.js, Express, MongoDB & More: The Complete Bootcamp 2020","Master Node by building a real-world RESTful API and web app (with authentication, Node.js security, payments & more)",Jonas Schmedtmann,4.7,Not Available,"-4,634","42 total hours
227 lectures
All Levels"
Go Java Full Stack with Spring Boot and Angular,Become a Full Stack Java Developer. Build Your First Java Full Stack Application with Angular and Spring Boot.,in28Minutes Official,4.5,Not Available,"-4,612","11 total hours
124 lectures
All Levels"
Python and Flask Bootcamp: Create Websites using Flask!,Create awesome websites using the powerful Flask framework for Python!,Jose Portilla,4.6,Not Available,"-4,500","20 total hours
127 lectures
All Levels"
Learn Responsive Web Development from Scratch,A Comprehensive Course on Responsive Web Design and Twitter Bootstrap 3,"Eduonix Learning Solutions, Eduonix-Tech .",4.4,Not Available,"-4,493","4.5 total hours
25 lectures
All Levels"
The Complete 2020 Fullstack Web Developer Course,"Learn HTML5, CSS3, JavaScript, Python, Wagtail CMS, PHP & MySQL from scratch!",Kalob Taulien,4.5,Not Available,"-4,456","67 total hours
695 lectures
All Levels"
Nuxt.js - Vue.js on Steroids,Build highly engaging Vue JS apps with Nuxt.js. Nuxt adds easy server-side-rendering and a folder-based config approach.,"Academind by Maximilian Schwarzmüller, Maximilian Schwarzmüller",4.6,Bestseller,"-4,422","6.5 total hours
106 lectures
Intermediate"
Build a Real-world App with ASP.NET Core and Angular 2 (4+),"Build a full-stack web app with ASP.NET Core, Entity Framework Core and Angular 2 (Angular 4+)",Mosh Hamedani,4.1,Not Available,"-4,363","10.5 total hours
162 lectures
Intermediate"
Accelerated JavaScript Training,"Take a deep dive into JavaScript, a Must-Know Language in Web Development, with a Hands-on, Example-driven Approach",Maximilian Schwarzmüller,4.6,Not Available,"-4,334","7.5 total hours
128 lectures
All Levels"
Accelerated ES6 JavaScript Training,Learn and Use the Future of JavaScript - Today!,Maximilian Schwarzmüller,4.7,Not Available,"-4,324","6 total hours
115 lectures
Intermediate"
Complete Python Web Course: Build 8 Python Web Apps,Build Python Web Applications from Beginner to Expert using Python and Flask,"Jose Salvatierra, Teclado by Jose Salvatierra",4.4,Not Available,"-4,266","15.5 total hours
160 lectures
All Levels"
React JS Web Development - The Essentials Bootcamp,"Bootcamp on the React.js essentials. Gain a strong foundation of the core concepts, and build exciting and useful apps!",David Joseph Katz,4.4,Not Available,"-4,231","11 total hours
125 lectures
All Levels"
"The Modern React Bootcamp (Hooks, Context, NextJS, Router)",Just published! Follow the same curriculum I teach my students in SF. 10+ projects including one HUGE application!,Colt Steele,4.7,Not Available,"-4,077","39 total hours
312 lectures
Beginner"
Web Development Masterclass - Complete Certificate Course,Learn to setup virtual cloud servers and develop database-driven websites using the latest web technologies.,YouAccel Training,4.3,Not Available,"-3,985","20.5 total hours
367 lectures
All Levels"
Master Hibernate and JPA with Spring Boot in 100 Steps,"Learn Hibernate, JPA (Java Persistence API) and Spring Data JPA using Spring and Spring Boot",in28Minutes Official,4.4,Bestseller,"-3,755","13 total hours
156 lectures
All Levels"
The Complete Web Developer Masterclass: Beginner To Advanced,In this complete masterclass course students will learn how to build their very own website from scratch through example,"Joe Parys, Shahzaib Kamal, Joe Parys Support",4.1,Not Available,"-3,740","51 total hours
316 lectures
All Levels"
Python Django Dev To Deployment,Learn Python and build & deploy a real estate application using the Django framework & PostgreSQL,Brad Traversy,4.6,Not Available,"-3,687","11 total hours
70 lectures
Intermediate"
Deep Learning and NLP A-Z™: How to create a ChatBot,Learn the Theory and How to implement state of the art Deep Natural Language Processing models in Tensorflow and Python,"Hadelin de Ponteves, Kirill Eremenko, SuperDataScience Team, Zillion Hand Team",4.2,Bestseller,"-3,498","12 total hours
96 lectures
All Levels"
NestJS Zero to Hero - Modern TypeScript Back-end Development,Develop and deploy enterprise back-end applications following best practices using Node.js and TypeScript,Ariel Weinberger,4.7,Bestseller,"-3,461","8.5 total hours
132 lectures
All Levels"
Learn Spring Boot in 100 Steps - Beginner to Expert,Become an expert on Spring Boot developing a REST API and a Spring MVC Web application using Maven in 100 steps,in28Minutes Official,4.3,Not Available,"-3,424","13.5 total hours
127 lectures
All Levels"
Build Web Apps with Vue JS 2 & Firebase,Learn Vue JS & Firebase by creating & deploying dynamic web apps (including Authentication).,The Net Ninja (Shaun Pelling),4.7,Not Available,"-3,399","11.5 total hours
118 lectures
All Levels"
Salesforce Development Training for Beginners,Salesforce Development :Learn about Apex programming and Salesforce development. Become a Salesforce Developer.,Deepika Khanna,4.4,Bestseller,"-3,367","14 total hours
111 lectures
All Levels"
"Build Responsive Website Using HTML5, CSS3, JS And Bootstrap","Learn HTML5, CSS3, JavaScript, jQuery and Bootstrap framework by building a modern looking responsive website.",Irfan Dayan,4.2,Not Available,"-3,245","8 total hours
75 lectures
All Levels"
20 Web Projects With Vanilla JavaScript,"Build 20 mini frontend projects from scratch with HTML5, CSS & JavaScript (No frameworks or libraries)",Brad Traversy,4.8,Not Available,"-3,242","16 total hours
121 lectures
All Levels"
Microservices with Node JS and React,"Build, deploy, and scale an E-Commerce app using Microservices built with Node, React, Docker and Kubernetes",Stephen Grider,4.8,Bestseller,"-3,233","54 total hours
606 lectures
All Levels"
Object Oriented PHP & MVC,Build a custom object oriented PHP MVC framework and then build an application with it,Brad Traversy,4.7,Not Available,"-3,192","6.5 total hours
44 lectures
Intermediate"
AngularJS JumpStart with Dan Wahlin,Building Web applications? Learn to build robust Single Page Applications (SPAs) with the popular AngularJS framework!,Dan Wahlin,4.2,Not Available,"-3,155","10 total hours
113 lectures
All Levels"
Become a Web Developer from Scratch,This course covers all you need to know about becoming a top skilled web developer even if you never programmed before!,Victor Bastos,4.4,Not Available,"-3,088","26.5 total hours
190 lectures
All Levels"
"HTML, CSS, & JavaScript - Certification Course for Beginners","A Comprehensive Guide for Beginners interested in learning HTML, CSS, & JavaScript to Build Interactive Web Pages.",YouAccel Training,4.2,Not Available,"-2,990","5.5 total hours
113 lectures
Beginner"
Front End Web Development For Beginners (A Practical Guide),"Learn Front-End Web Development: Quickly Master HTML5, CSS3, JS, Bootstrap: By Building A Project From Scratch",Learn Tech Plus,4.2,Not Available,"-2,975","34 total hours
383 lectures
Beginner"
PHP OOP: Object Oriented Programming for beginners + Project,PHP OOP: Learn OOP PHP and Take your skills to another level. Make serious money by building awesome applications.,"Edwin Diaz, Coding Faculty Solutions",4.6,Not Available,"-2,963","18.5 total hours
224 lectures
All Levels"
Learn JavaScript for Web Development,Advance your Web Development Skills By Learning Javascript from JavaScript Expert!,Irfan Dayan,4.4,Not Available,"-2,934","8.5 total hours
95 lectures
Intermediate"
The Complete 2020 PHP Full Stack Web Developer Bootcamp,"Learn to build websites with HTML , CSS , JAVASCRIPT , Bootstrap , PHP , MySQL , WordPress , OOP & more!",Srinivas Vanamala,4.5,Not Available,"-2,916","49 total hours
309 lectures
Beginner"
Web Development - Complete Fast Track Course,"Become a full-stack web developer in a month. Master HTML, CSS, Javascript, JQuery, PHP, MySQL and more!",Ruben Giuliani,4.1,Not Available,"-2,890","29.5 total hours
73 lectures
All Levels"
Build a Backend REST API with Python & Django - Advanced,"Create an advanced REST API with Python, Django REST Framework and Docker using Test Driven Development (TDD)","Mark Winterbottom, Brooke Rutherford",4.6,Bestseller,"-2,851","8 total hours
77 lectures
Intermediate"
Server Side Rendering with React and Redux,"Build React, Redux, and React Router apps using Server Side Rendering (SSR), Isomorphic, and Universal JS techniques",Stephen Grider,4.8,Not Available,"-2,844","8 total hours
94 lectures
Intermediate"
Build a Backend REST API with Python & Django - Beginner,Finally create that App + fully-functioning user database in this crash course to building a REST API,"Mark Winterbottom, Brooke Rutherford",4.6,Not Available,"-2,793","5 total hours
76 lectures
Beginner"
The Complete ServiceNow Developer Course,Learn how to develop on the ServiceNow platform!,Mark Miller,4.4,Bestseller,"-2,769","8.5 total hours
57 lectures
Intermediate"
Learn JavaScript: Full-Stack from Scratch,"Understand the JavaScript language itself, Node.js, MongoDB, The Web Browser and More To Create Meaningful Applications",Brad Schiff,4.7,Not Available,"-2,763","27 total hours
119 lectures
All Levels"
"React, NodeJS, Express & MongoDB - The MERN Fullstack Guide","Build fullstack React.js applications with Node.js, Express.js & MongoDB (MERN) with this project-focused course.","Academind by Maximilian Schwarzmüller, Maximilian Schwarzmüller, Manuel Lorenz",4.7,Not Available,"-2,729","19 total hours
206 lectures
All Levels"
Python eCommerce | Build a Django eCommerce Web Application,Launch your business by learning to build your own eCommerce app step-by-step.,Justin Mitchel,4.4,Not Available,"-2,721","33 total hours
223 lectures
All Levels"
Dissecting Ruby on Rails 5 - Become a Professional Developer,"Don't simply follow a tutorial, learn what it really takes to become a pro Rails developer with this immersive course.",Jordan Hudgens,4.4,Not Available,"-2,691","43 total hours
246 lectures
All Levels"
Mastering data visualization in D3.js [Sept 2020 Update],Design and build beautiful data visualizations with d3.js. An intensive introduction to the D3 library (V6).,Adam Janes,4.4,Bestseller,"-2,656","6.5 total hours
95 lectures
Intermediate"
ChatBots: Messenger ChatBot - DialogFlow and nodejs,Use DialogFlow to train chatbot to have dialogs. Develop backend app to connect chatbot to web services and databases,Jana Bergant,4.2,Bestseller,"-2,649","9.5 total hours
119 lectures
All Levels"
Responsive Web Design: HTML5 + CSS3 for Entrepreneurs 2018,"Build a coding foundation as an entrepreneur, where I’ll take you through the entire process of coding your own website",Andrew Eddy,4.6,Not Available,"-2,626","5.5 total hours
58 lectures
Beginner"
Electron for Desktop Apps: The Complete Developer's Guide,Use the Electron Framework to build compelling cross platform desktop applications with the latest web dev technologies,Stephen Grider,4.4,Not Available,"-2,626","8 total hours
77 lectures
Beginner"
Object-oriented Programming in JavaScript,"Learn all about OOP, understand the most confusing parts of JavaScript and prepare for technical interviews",Mosh Hamedani,4.6,Not Available,"-2,596","4 total hours
64 lectures
Intermediate"
"JSP, Servlet, JSLT + Hibernate: A complete guide",A JSP (Java server pages) & Servlet + Hibernate: Quick course,"StudyEasy Organisation, Chaand Sheikh",4.6,Not Available,"-2,546","13 total hours
137 lectures
Intermediate"
Practical Web Development: 22 Courses in 1,"Learn PHP, Apache, MySQL, MongoDB, Python, JavaScript, XML, JSON, HTML, CSS, Wordpress and more. With practical examples",Creative Online School,4.2,Not Available,"-2,435","11.5 total hours
146 lectures
All Levels"
Node.js API Masterclass With Express & MongoDB,Create a real world backend for a bootcamp directory app,Brad Traversy,4.8,Not Available,"-2,432","12 total hours
76 lectures
Intermediate"
The Complete Full-Stack JavaScript Course!,"Learn full-stack web development using JavaScript (ReactJS, NodeJS, LoopbackJS, Redux and Material-UI)!","Joseph Delgadillo, Nick Germaine",4.4,Not Available,"-2,398","24.5 total hours
96 lectures
All Levels"
The Complete Sass & SCSS Course: From Beginner to Advanced,No more cluttered CSS! Realize clean designs lightning-fast and without frustration using Sass & SCSS.,"Joe Parys, Peter Sommerhoff, Joe Parys Support",4.3,Not Available,"-2,356","4 total hours
41 lectures
All Levels"
The Full Stack Web Development,Learn Full Stack Web Development Building Over 40+ Projects,"Eduonix Learning Solutions, Eduonix-Tech ., Samy Eduonix",4.6,Not Available,"-2,347","33 total hours
208 lectures
Beginner"
Docker for Developers and DevOps,Use Docker to streamline your developer workflow and build out a awesome CI/CD pipeline,Luke Angel,3.9,Not Available,"-2,340","5.5 total hours
82 lectures
Beginner"
Complete WordPress Theme & Plugin Development Course [2020],Everything you need to become a hirable WordPress Developer building custom themes and plugins,Zac Gordon,4.4,Not Available,"-2,332","16 total hours
176 lectures
All Levels"
"HTML, JavaScript, & Bootstrap - Certification Course","A Comprehensive Guide for Beginners interested in learning HTML, JavaScript, & Bootstrap. Build Interactive Web Pages.",YouAccel Training,4.3,Not Available,"-2,311","6.5 total hours
124 lectures
Beginner"
RxJs 6 In Practice (with FREE E-Book),"Learn numerous RxJs Operators, learn all RxJs and Reactive Programming core concepts via Practical Examples",Angular University,4.7,Bestseller,"-2,310","4.5 total hours
46 lectures
All Levels"
Complete ASP NET MVC Web Development - Newbie to Ninja!,Quickly Learn Web Development with ASP NET MVC and C#. From absolute basics to ninja! Learn C# and MVC like a Pro,Brett Hargreaves,4.3,Not Available,"-2,291","15.5 total hours
92 lectures
All Levels"
Build a Social Network from Scratch: JavaScript PHP + MySQL,"Learn JavaScript, PHP and MySQL by building the ultimate social network website from scratch! The complete guide!",Reece Kenney,4.5,Not Available,"-2,287","16.5 total hours
179 lectures
All Levels"
Master Java Unit Testing with Spring Boot & Mockito,"Learn to write awesome Java JUnit unit tests with Spring Boot, Mockito, JsonAssert, Hamcrest & JsonPath in 40 easy steps",in28Minutes Official,4.5,Not Available,"-2,269","4 total hours
55 lectures
All Levels"
Bash Shell Scripting: Crash Course For Beginners,"Learn Bash Shell Scripting from total beginner:Start from the Command Line,finish with a real world Shell Script Project",Francesco Santi,4.6,Not Available,"-2,261","5.5 total hours
75 lectures
All Levels"
Complete guide to building an app with .Net Core and React,"The complete guide to building an app from start to finish using ASP.NET Core, React (with Typescript) and Mobx",Neil Cummings,4.6,Bestseller,"-2,228","37.5 total hours
337 lectures
All Levels"
"React JS, Angular & Vue JS - Quickstart & Comparison","Angular (Angular 2+), React or Vue? Get a Crash Course on each of them and a detailed comparison!","Maximilian Schwarzmüller, Academind by Maximilian Schwarzmüller",4.7,Not Available,"-2,222","8 total hours
144 lectures
Beginner"
Learn PHP Fundamentals From Scratch,A Short Course on PHP Basics,"Eduonix Learning Solutions, Eduonix-Tech .",4.4,Not Available,"-2,215","2 total hours
10 lectures
Beginner"
"Master Electron: Desktop Apps with HTML, JavaScript & CSS","The Complete Electron course for learning to build Cross Platform Desktop Apps using HTML, JavaScript & CSS",Ray Viljoen,4.6,Not Available,"-2,201","8 total hours
61 lectures
All Levels"
The Complete jQuery Course: From Beginner To Advanced!,"Use jQuery to create stunning animations, provide fast feedback forms, handle all user events and perform Ajax calls.","Joe Parys, Peter Sommerhoff, Joe Parys Support",4.4,Bestseller,"-2,186","6 total hours
51 lectures
All Levels"
NgRx (with NgRx Data) - The Complete Guide (FREE E-Book),"Learn the modern NgRx Ecosystem, including NgRx Data, Store, Effects, Router Store, NgRx Entity, and DevTools",Angular University,4.6,Not Available,"-2,176","6.5 total hours
52 lectures
All Levels"
Full Stack Java developer - Java + JSP + Restful WS + Spring,Full Stack Java developer - Core Java + JSP Servlets + Hibernate +Spring + Java Web-service/RestFul API + Spring boot.,"StudyEasy Organisation, Chaand Sheikh",4.4,Bestseller,"-2,137","64.5 total hours
604 lectures
All Levels"
REST WCF Service in ASP.NET,Learn how to build a RESTful WCF Service in an ASP.NET web application and call its methods with JQuery.,Patrick God,4,Not Available,"-2,112","41 total mins
5 lectures
All Levels"
Become a Certified Web Developer,"Complete coverage of HTML, CSS, Javascript and PHP while you Earn Four Respected Certificatons","Framework Television Inc., Mark Lassoff",4.6,Not Available,"-2,070","42.5 total hours
492 lectures
All Levels"
The Bootstrap 4 Bootcamp,"Learn to build beautiful responsive websites with the latest Bootstrap version (4.1.3), Flexbox, HTML5, and CSS3!",Colt Steele,4.6,Not Available,"-2,060","11.5 total hours
87 lectures
Beginner"
The Complete PHP MYSQL Professional Course with 5 Projects,Learn PHP MYSQL by building 5 Projects including PHP Regular Expressions & CMS | Become a Full Stack Back-End Developer.,Jazeb Akram,4.3,Not Available,"-2,016","20 total hours
154 lectures
All Levels"
Vue JS 2.0 - Mastering Web Apps,"Create the VueJS 2.0 apps you always wanted. Build 5 apps, learn development secrets, VueRouter, Vuex, & more!",David Joseph Katz,4.4,Not Available,"-1,991","4.5 total hours
69 lectures
All Levels"
The Complete React Js & Redux Course - Build Modern Web Apps,"Go from Beginner to React Js Expert by building an Instagram Like Web App with React 16, React Router, Redux & Firebase!","Codestars by Rob Percival, Rayan Slim, Rob Percival, Jad Slim",4.3,Not Available,"-1,976","8.5 total hours
71 lectures
All Levels"
Javascript - From Beginner to Pro-Build real world JS apps,"Master JavaScript with the most complete JavaScript course on market! 1st step to learn JS - React, Angular or Vue JS",Abhay Talreja,4.2,Not Available,"-1,941","12.5 total hours
85 lectures
Beginner"
Webpack 4 in 2020: The Complete Tutorial For Beginners,"Learn Webpack 4 from the very basics to advanced! Use Webpack with JS, CSS, npm, Babel, Node",Viktor Pyskunov,4.6,Bestseller,"-1,939","3.5 total hours
52 lectures
All Levels"
"Python for Network Engineers: Netmiko, NAPALM, pyntc, Telnet",Program networks using Python. Learn network automation and programmability with this practical course (Cisco networks),"David Bombal, Experts with David Bombal",4.6,Not Available,"-1,936","14 total hours
176 lectures
Beginner"
ASP.Net MVC Quick Start,"Build your own public-facing CRUD (Create, Read, Update, Delete) website w/MVC and Entity Framework in a weekend.",Brian Gorman,4.3,Not Available,"-1,934","13.5 total hours
127 lectures
Intermediate"
The Complete Web Developer Bootcamp - Beginner to Expert,"Complete web development training. Get hired by building real apps with HTML, CSS, JS, Rails in this immersive course.",Robeen Dey,4.1,Not Available,"-1,928","21.5 total hours
197 lectures
All Levels"
Reactive Angular Course (with RxJs),"Build Angular 10 Applications in Reactive style with plain RxJs - Patterns, Anti-Patterns, Lightweight State Management",Angular University,4.6,Not Available,"-1,914","5.5 total hours
41 lectures
All Levels"
"Laravel 2019, the complete guide with real world projects",Build simple to advanced web applications using the PHP's most popular web framework - Completely re-recorded for 5.8,Kati Frantz,4.4,Not Available,"-1,906","24 total hours
196 lectures
All Levels"
Meteor and React for Realtime Apps,"Master the fundamentals of Meteor and React with this tutorial as you develop secure, dynamic apps",Stephen Grider,4.5,Bestseller,"-1,899","9 total hours
111 lectures
All Levels"
The Complete JavaScript Course - Beginner to Professional,"The only course you need to become a JavaScript developer - 45 JavaScript projects, ES6, JSON, AJAX & much more!","Codestars by Rob Percival, Laurence Svekis, Rob Percival",4.4,Not Available,"-1,865","35 total hours
404 lectures
All Levels"
The complete JavaScript developer: MEAN stack zero-to-hero,"Build full stack JavaScript apps with the MEAN stack, using Node.js, AngularJS 1.x, Express and MongoDB",Full Stack Training Ltd,4.1,Not Available,"-1,860","11.5 total hours
53 lectures
All Levels"
Write PHP Like a Pro: Build a PHP MVC Framework From Scratch,"Learn to write faster, easier to maintain, more secure PHP websites by using a model-view-controller framework",Dave Hollingworth,4.5,Bestseller,"-1,858","3 total hours
66 lectures
All Levels"
Learn Nodejs by building 12 projects,Become an Expert Nodejs Developer While Building Real World Applications,"Eduonix Learning Solutions, Eduonix-Tech .",4.2,Not Available,"-1,839","12.5 total hours
72 lectures
All Levels"
Django 3 - Full Stack Websites with Python Web Development,"Build 3 stunning websites, learn Back and Front End Web Development, deploy your site with HTML5, CSS3 and Bootstrap 4",Nick Walter,4.6,Not Available,"-1,777","8.5 total hours
78 lectures
Beginner"
Complete guide to ASP.NET Core MVC (v3.1),"Build real world application using ASP.NET Core MVC, Entity Framework Core and ASP.NET Core Identity.",Bhrugen Patel,4.4,Not Available,"-1,771","23 total hours
358 lectures
Intermediate"
Learn OAuth 2.0 - Get started as an API Security Expert,Just imagine what could happen to YOUR professional career if you had skills in OAuth | > 8500 satisfied students,Matthias Biehl,4.2,Bestseller,"-1,766","4 total hours
49 lectures
All Levels"
Learn Bootstrap By Building Projects - Includes Bootstrap 4,Master Responsive Web Development Using Bootstrap 3 and Bootstrap 4 While Building Real Life projects,"Eduonix Learning Solutions, Eduonix-Tech .",3.8,Not Available,"-1,751","31 total hours
231 lectures
All Levels"
